{"train_loss": [1.8222418241715699, 1.192199425345219, 0.8917604280502835, 0.6724984290006014, 0.562861703401513, 0.5038298958532503, 0.39501315562313283, 0.3397286981903716, 0.285051567309789, 0.24892196309133824, 0.22488323570192978, 0.23011418759300653, 0.21728054755769474, 0.20827523072498463, 0.15707041474248054, 0.15684002255543003, 0.13639096325456873, 0.13937594054339078, 0.14892929236641217, 0.11320732047639144, 0.12017737047161642, 0.1308636979872503, 0.0998250059923332, 0.10018815818208926], "val_acc": [0.5, 0.63, 0.645, 0.675, 0.665, 0.725, 0.715, 0.745, 0.75, 0.7, 0.7, 0.715, 0.705, 0.695, 0.715, 0.685, 0.72, 0.715, 0.72, 0.71, 0.745, 0.745, 0.73, 0.725]}